7.009982055044484, John
6.926671954160318, David
6.926465745869748, Mark
6.881968265584243, James
6.765676017109359, Richard
6.380498988439917, Andrew
6.36955288623197, Tom
6.348984682749522, Brian
6.3427882034381575, Daniel
6.287762563821535, Paul
6.281719166873183, Peter
6.281644805129743, William
6.250328046796768, Robert
6.22738592807824, Jim
6.195859623482652, Stephen
6.071515615950577, Matt
5.98913237861804, Gary
5.985918098364699, Bill
5.972957418375725, Bob
5.93812019053359, Martin
5.933094129071824, Mike
5.931345683498484, Eric
5.931345683498484, Charles
5.92964491128882, Jason
5.927088354449824, Jeff
5.908139253842436, Jonathan
5.906398791943557, Alan
5.830441045529837, Adam
5.797988557328402, Joseph
5.763326931206439, Michael
5.744193027148325, Patrick
5.677563571399328, Matthew
5.665463219468398, Simon
5.610887578267923, Greg
5.533179724506383, Craig
5.507609639185939, Josh
5.487995671990128, Alexander
5.47336470172424, Roger
5.4715091533551705, Thomas
5.444871707350285, Scott
5.440682928793738, Juan
5.43652190062162, Keith
5.418288841277243, Don
5.408332165195774, Danny
5.394494181629454, Tony
5.38957510256463, Larry
5.363011345283446, Marc
5.2820700586864655, Edward
5.270658096363721, Philip
5.249113887614271, Neil
5.225383191230159, Rick
5.207917355644126, Kevin
5.204586122318996, Aaron
5.184977860179903, Ben
5.1586589802753355, Dave
5.148775798701544, Dennis
5.125950001041694, Frank
5.1192786548980775, Anthony
5.109123954392834, Jeremy
5.085241785581671, Nick
5.083768152987247, Luis
5.069844790420056, Ed
5.059779842395493, Doug
5.051654518038203, Donald
5.049612858973925, Stuart
5.049612858973925, Brad
5.045517028999162, Luke
5.041404402357432, Jimmy
5.033128203231864, Henry
5.020913289290933, Steven
5.006041541447805, Christopher
5.002749759812098, George
4.997171816871329, Derek
4.997171816871329, Carl
4.995016041357829, Antonio
4.992855621073947, Ivan
4.979794425198073, Jorge
4.9754026090951795, Kenneth
4.946377086016759, Todd
4.946377086016759, Marco
4.941836086947874, Nicholas
4.931380107051006, Tim
4.890478511875771, Nathan
4.8856764961185695, Victor
4.880851366223059, Marcus
4.877858283359768, Steve
4.856371053573265, Ronald
4.851402420976443, Roy
4.834961146840061, Carlos
4.82362575505228, Darren
4.813331202065301, Mario
4.800312510294891, Roberto
4.79505731152961, Jake
4.7924193424648385, Walter
4.790870134730758, Jon
4.784219787204117, Bruce
4.782187344242692, Ian
4.776444028644856, Gordon
4.765650567624676, Stefan
4.758539083528669, Ron
4.754739591886296, Douglas
4.725132479203357, Ken
4.715587564363728, Miguel
4.705119407590753, Rob
4.704114436178801, Bernard
4.701225510144519, Ted
4.69832823098154, Julian
4.671868684067836, Fernando
4.662891250956814, Bryan
4.659880808867169, Mohammad
4.656861294310587, Lawrence
4.653832652385426, Howard
4.6477477643173915, Samuel
4.647606965196775, Jack
4.641625695342433, Louis
4.637948587341202, Justin
4.629268175707471, Vincent
4.619898970177996, Ricardo
4.619898970177996, Pete
4.616756329267088, Pierre
4.613603799466483, Pedro
4.6027053011136525, Jos%C3%A9
4.601798998238243, Barry
4.597690609038114, Raymond
4.594477412561346, Gerald
4.584775520867315, Andreas
4.574978752089562, Allan
4.574978752089562, Albert
4.568393939426447, Igor
4.568393939426447, Francisco
4.565085230522208, Trevor
4.56257854993688, Joe
4.558434846289653, Manuel
4.538214614635209, Russell
4.524504087556376, Hans
4.521046932029446, Joshua
4.517577803402648, Dick
4.517577803402648, Bruno
4.5106032928115205, Sergio
4.500049617786331, Nigel
4.500049617786331, Diego
4.4828143691806055, Dan
4.48220923092337, Andr%C3%A9
4.464045309720574, Karl
4.464045309720574, Denis
4.461158173092891, Colin
4.456686494396174, Geoff
4.452986712018072, Chad
4.4492732121332885, Mohamed
4.419058876255213, Norman
4.411360689817615, Liam
4.395784491749961, Jacob
4.391852293249757, Pablo
4.391852293249757, Ahmed
4.3879045946069555, Rafael
4.379962204333233, Mick
4.35165704839034, Malcolm
4.347547346171183, Javier
4.335116065424283, Omar
4.31897749010153, Jeffrey
4.314048055149767, Hugh
4.310455111636165, Fred
4.309780736173555, Philippe
4.301191152128238, Chuck
4.288167023549235, Rod
4.288167023549235, Mohammed
4.279389197207746, Eduardo
4.279389197207746, Brendan
4.274971258877094, Abdul
4.2571019610762155, Jacques
4.2571019610762155, Harold
4.2571019610762155, Dominic
4.250952795356006, Joel
4.248046285407024, Lucas
4.243487548809316, Geoffrey
4.2296854665426, Grant
4.22798679092232, Will
4.22798679092232, Tommy
4.220047648295398, Phil
4.21865102665001, Harry
4.215690464510218, Brent
4.211591703195092, Brandon
4.210981653470645, Travis
4.206250592281065, Maurice
4.206250592281065, Francesco
4.194924017324808, Graham
4.187099572181093, Warren
4.182846536247969, Wayne
4.182846536247969, Vladimir
4.162633876647172, Kurt
4.147662244270918, Rodney
4.14065928406211, Timothy
4.1375553085273475, Boris
4.133026594312677, Dean
4.132463319154132, Sebastian
4.132463319154132, Emmanuel
4.127345298630143, Nicolas
4.117030089282419, Corey
4.117030089282419, Alain
4.101900949455724, Johnny
4.0960752361617585, Glen
4.080066135448269, Muhammad
4.074628250932559, Andy
4.069249379808647, Johan
4.063796855286166, Lewis
4.052801894226315, Stanley
4.052801894226315, Hugo
4.036079654090125, Fran%C3%A7ois
4.036079654090125, Ahmad
4.030442916668102, Stan
4.030442916668102, Paolo
4.024774259437183, Alejandro
4.023885498172432, Jerry
4.0195752121281565, Arthur
4.019073318635828, Anton
4.010958074104916, Glenn
4.00757309986223, Nate
4.00757309986223, Mitch
3.9900711834568545, Roman
3.9900711834568545, Leonard
3.9841685416940944, Markus
3.9841685416940944, Julio
3.9826535335973707, Sean
3.978230886547234, Phillip
3.9722577999422066, Wolfgang
3.9722577999422066, Luca
3.9662488562719966, Sergey
3.9662488562719966, Alessandro
3.963704932236701, Benjamin
3.96020362221456, Zach
3.96020362221456, Jared
3.96020362221456, Gareth
3.9480025099433647, Sergei
3.9480025099433647, Graeme
3.9478658164794274, Christian
3.9361118136335858, Guy
3.9356508349777846, Roland
3.92674260810411, Erik
3.9231448331043675, Cristian
3.9168327443692954, Oscar
3.9168327443692954, Lance
3.9040878795338223, Lars
3.897654069687296, Marko
3.891178635673966, Marvin
3.891178635673966, Duncan
3.8846610351535835, Noel
3.8846610351535835, Clive
3.8835361105974613, Ryan
3.871497111603264, Seth
3.871497111603264, Klaus
3.871497111603264, Giuseppe
3.871497111603264, Alfred
3.864849649410977, Marcelo
3.864849649410977, Marcel
3.8581577417950843, Jo%C3%A3o
3.8581577417950843, Ibrahim
3.8450582525613237, Gregory
3.84463818372374, Giovanni
3.84463818372374, Claudio
3.830933500495049, Mikhail
3.817038549497945, Anders
3.8068932557124455, Ralph
3.802947970813862, Gustavo
3.802947970813862, Carlo
3.7926464575452252, Oliver
3.788656174798132, Kent
3.788656174798132, Derrick
3.7745481793721636, Alberto
3.766828369315032, Federico
3.7624538927869287, Bobby
3.7594453426716345, V%C3%ADctor
3.7594453426716345, Aleksandar
3.7523895304887027, Kenny
3.752007444846865, Les
3.7445138537889777, Nicol%C3%A1s
3.7445138537889777, Iain
3.7445138537889777, Andrei
3.7369637288333877, Xavier
3.7369637288333877, Olivier
3.7369637288333877, Oleg
3.7369637288333877, Isaac
3.7293562101364834, Vince
3.7293562101364834, Franco
3.7216904180877526, Nelson
3.7216904180877526, Jerome
3.7216904180877526, Bradley
3.706180392971029, Ra%C3%BAl
3.706180392971029, Marcos
3.706180392971029, Alexandre
3.6983342962324075, Paulo
3.6983342962324075, Lorenzo
3.674420017597199, Pavel
3.6663198881210723, Stewart
3.6663198881210723, Stefano
3.6663198881210723, Jonas
3.6612451290636203, Billy
3.6581536582469267, Enrique
3.6581536582469267, Andr%C3%A9s
3.649920239883948, Frederick
3.649920239883948, Fabio
3.6416185178513114, Syed
3.6416185178513114, Guillermo
3.624805561124612, Leonardo
3.624805561124612, Kirk
3.624805561124612, Harvey
3.6162919522643273, Herbert
3.607705289389081, Neal
3.607705289389081, Massimo
3.607705289389081, Iv%C3%A1n
3.599044307470634, Matthias
3.599044307470634, Byron
3.590307708335068, Alfredo
3.581494159494623, Cliff
3.572602292927609, Pascal
3.5636307038036, Wes
3.5636307038036, Owen
3.5636307038036, Andrey
3.554577949150957, Rub%C3%A9n
3.554577949150957, Felipe
3.5454425464634802, Laurent
3.5454425464634802, Christoph
3.5362229722428733, Damian
3.5275241805809534, Ross
3.526917660473398, Murray
3.526917660473398, Earl
3.526917660473398, Darryl
3.5243799228523853, Ray
3.517525001024918, %C3%81lvaro
3.5080433379802543, Vijay
3.5080433379802543, Dirk
3.5080433379802543, Arnold
3.498470967882506, Aleksandr
3.495846760781056, Michel
3.488806137897692, H%C3%A9ctor
3.488806137897692, Edgar
3.4691918283887233, Russ
3.4691918283887233, Jean-Pierre
3.4691918283887233, Angelo
3.4592385784880406, Tobias
3.4592385784880406, Mauro
3.439861050471948, Adrian
3.4390300331010533, Stephan
3.4390300331010533, Santiago
3.4390300331010533, Per
3.4390300331010533, Leandro
3.4390300331010533, Ethan
3.4390300331010533, %C3%81ngel
3.429044617207145, Leon
3.4287706139119116, Rudy
3.4287706139119116, Mustafa
3.4287706139119116, Fr%C3%A9d%C3%A9ric
3.4287706139119116, %C3%93scar
3.418404907862932, Marek
3.418404907862932, C%C3%A9sar
3.418404907862932, Abdullah
3.418404907862932, %C3%89ric
3.407930688990726, Petr
3.397345660663799, Yves
3.397345660663799, Mart%C3%ADn
3.397345660663799, Gonzalo
3.397345660663799, Darrell
3.397345660663799, Art
3.397345660663799, Antoine
3.386647452559181, Mat%C3%ADas
3.386647452559181, Gerhard
3.386647452559181, Christophe
3.3758336174756156, Salvatore
3.3758336174756156, Mauricio
3.3758336174756156, Matteo
3.3758336174756156, Marshall
3.3758336174756156, Gilles
3.3758336174756156, Filip
3.3758336174756156, Connor
3.3649016279725963, Thierry
3.3649016279725963, Sanjay
3.351825193212971, Eddie
3.342672653271789, Trent
3.342672653271789, Manny
3.342672653271789, Kelvin
3.342672653271789, Junior
3.342672653271789, Alvin
3.3372865545942165, Rich
3.331370179072586, Goran
3.331370179072586, Ernest
3.331370179072586, Elliot
3.331370179072586, Arturo
3.3199385643122152, Werner
3.3199385643122152, Se%C3%A1n
3.3199385643122152, Johannes
3.3199385643122152, Giorgio
3.3199385643122152, Gilbert
3.3199385643122152, Emil
3.3144167377883447, Austin
3.308616700442875, Viktor
3.308374822982911, Serge
3.308374822982911, Ram%C3%B3n
3.308374822982911, Luigi
3.308374822982911, Henri
3.308374822982911, Dragan
3.308374822982911, Callum
3.308374822982911, Bart
3.308374822982911, Andrzej
3.2966758643000134, Zoran
3.2966758643000134, Tyrone
3.2966758643000134, Miroslav
3.2966758643000134, Khalid
3.2966758643000134, Dustin
3.2966758643000134, Clay
3.2848384877418226, Wesley
3.2848384877418226, Ulrich
3.2848384877418226, Piotr
3.2848384877418226, Norm
3.2848384877418226, Len
3.2848384877418226, Julius
3.2848384877418226, Ignacio
3.2848384877418226, Calvin
3.273092494198111, Allen
3.2728593777924377, Dario
3.260735098365947, Krzysztof
3.260735098365947, Alec
3.2486893627191984, Gerard
3.2484620868885035, Rex
3.2484620868885035, Duane
3.2484620868885035, Davide
3.2360366480128384, Renato
3.2360366480128384, Magnus
3.2360366480128384, Georges
3.2360366480128384, Clint
3.2360366480128384, Ashok
3.229988471030482, Curtis
3.2236763822954098, Prince
3.223454946937391, Sunil
3.223454946937391, Sebasti%C3%A1n
3.223454946937391, Henrik
3.211368703123499, Francis
3.2109315174599367, Rodrigo
3.210713002299892, Zack
3.210713002299892, Tom%C3%A1s
3.210713002299892, Tom%C3%A1%C5%A1
3.210713002299892, Jordi
3.210713002299892, Guido
3.210713002299892, Emilio
3.210713002299892, Dwight
3.210713002299892, Dimitris
3.1978066786124355, El
3.1978066786124355, Artur
3.1978066786124355, Anil
3.1978066786124355, Abraham
3.184944353042873, Lloyd
3.184944353042873, Andre
3.184731678202054, Oleksandr
3.184731678202054, Damon
3.184731678202054, Caleb
3.184731678202054, Alfonso
3.184731678202054, Alastair
3.1714835326175237, Rupert
3.1714835326175237, Nathaniel
3.1714835326175237, Milton
3.1714835326175237, Josef
3.1714835326175237, Jamal
3.1714835326175237, Ernesto
3.1642819029114904, Shane
3.158057593459393, Rolf
3.158057593459393, Moses
3.158057593459393, Mehdi
3.158057593459393, Manfred
3.158057593459393, L%C3%A1szl%C3%B3
3.158057593459393, Hal
3.158057593459393, Dieter
3.158057593459393, Dejan
3.158057593459393, Alexei
3.1518927087205943, Gabriel
3.1444490225861443, Ty
3.1444490225861443, Rahul
3.1444490225861443, Norbert
3.1444490225861443, Nikos
3.1444490225861443, Karim
3.1444490225861443, Joachim
3.1444490225861443, Harald
3.1444490225861443, Axel
3.1444490225861443, Angus
3.1306527816448586, Wade
3.1306527816448586, Moshe
3.1306527816448586, Mahmoud
3.1306527816448586, Luciano
3.1306527816448586, Konstantin
3.1306527816448586, Fredrik
3.1238821874240594, Milan
3.116663620869687, Samir
3.116663620869687, Melvin
3.116663620869687, Georg
3.116663620869687, Franz
3.116663620869687, Florian
3.109791608739976, Felix
3.102476067085819, Orlando
3.102476067085819, Niall
3.102476067085819, Darius
3.093291126796281, Troy
3.088276645379416, Edwin
3.0880844108503265, Vincenzo
3.0880844108503265, Tomasz
3.0880844108503265, S%C3%A9bastien
3.0880844108503265, Ruben
3.0880844108503265, Riccardo
3.0880844108503265, Nikolai
3.0880844108503265, Mathias
3.0880844108503265, Leonid
3.0880844108503265, Jean-Claude
3.0880844108503265, Herman
3.0880844108503265, Freddy
3.0880844108503265, Fabrizio
3.0880844108503265, Bernd
3.0880844108503265, Armando
3.0880844108503265, Antony
3.0787542663803613, Ricky
3.074050754403162, Willie
3.0736720072411465, Richie
3.0734826926543004, Helmut
3.0734826926543004, Fabian
3.0734826926543004, Dwayne
3.0734826926543004, Didier
3.0734826926543004, Desmond
3.0734826926543004, Adnan
3.070364588481559, Al
3.0689444264243635, Gavin
3.0586646881028052, Nico
3.0586646881028052, Morten
3.0586646881028052, Milo%C5%A1
3.0586646881028052, Martyn
3.0586646881028052, Du%C5%A1an
3.0586646881028052, Dino
3.0586646881028052, Bj%C3%B6rn
3.054047054205493, Evan
3.051357491715092, Jes%C3%BAs
3.0436238919804293, Vicente
3.0436238919804293, Valentin
3.0436238919804293, Rodolfo
3.0436238919804293, Petar
3.0436238919804293, Nikolay
3.0436238919804293, Mikael
3.0436238919804293, Israel
3.0436238919804293, Gianluca
3.0436238919804293, G%C3%A9rard
3.0436238919804293, Enrico
3.0436238919804293, Dimitri
3.0436238919804293, Bert
3.0436238919804293, Abu
3.028534056013867, Garry
3.028353501100325, Winston
3.028353501100325, Theodore
3.028353501100325, Isaiah
3.028353501100325, Eduard
3.028353501100325, Eddy
3.028353501100325, Deepak
3.0183994375021292, Leo
3.012846395823562, Valery
3.012846395823562, Sven
3.012846395823562, Maurizio
3.012846395823562, Lu%C3%ADs
3.012846395823562, Alexey
2.997269835382335, Jose
2.997095120123145, Ramesh
2.997095120123145, Marlon
2.997095120123145, Georgios
2.997095120123145, Clarence
2.997095120123145, Aidan
2.997095120123145, Agust%C3%ADn
2.997095120123145, %C3%81lex
2.989298746472607, Hassan
2.9810918600529455, Ole
2.9810918600529455, Nemanja
2.9810918600529455, Ji%C5%99%C3%AD
2.9810918600529455, Ivo
2.9810918600529455, Hossein
2.9810918600529455, Hamid
2.9810918600529455, Emanuel
2.9810918600529455, Donnie
2.9810918600529455, Anatoly
2.9731635260471867, Mitchell
2.9731635260471867, Cody
2.964997296173041, Damien
2.964828420465926, Tomas
2.964828420465926, Sandro
2.964828420465926, Roderick
2.964828420465926, Otto
2.964828420465926, Nils
2.964828420465926, Ned
2.964828420465926, Gerardo
2.964828420465926, Franklin
2.964828420465926, Declan
2.964828420465926, Adri%C3%A1n
2.9533274122965043, Jay
2.9484621557774258, Conor
2.9482961998079933, Wilson
2.9482961998079933, Vernon
2.9482961998079933, Terrence
2.9482961998079933, Imran
2.9400909868974887, Dmitry
2.935525504036434, Tyler
2.9314861627934103, Tiago
2.9314861627934103, Rajesh
2.9314861627934103, Pieter
2.9314861627934103, Mathieu
2.9314861627934103, Jean-Paul
2.9314861627934103, Gus
2.9314861627934103, Guillaume
2.914388810744427, Walt
2.914388810744427, Takashi
2.914388810744427, Nenad
2.914388810744427, Cedric
2.896994149351393, Ralf
2.896994149351393, Erick
2.896994149351393, Elias
2.896994149351393, Dmitri
2.896994149351393, Curt
2.896994149351393, Brock
2.8883377974207374, Amir
2.8792916535793456, Volodymyr
2.8792916535793456, Tyson
2.8792916535793456, Rainer
2.8792916535793456, Pietro
2.8792916535793456, Nuno
2.8792916535793456, Mariano
2.8792916535793456, Manoj
2.8792916535793456, Joaqu%C3%ADn
2.8792916535793456, Hubert
2.8792916535793456, Giorgos
2.8792916535793456, Enzo
2.8792916535793456, Christos
2.8792916535793456, Bernhard
2.8736271481619164, Gerry
2.862330272900084, Kyle
2.86127022941254, Reza
2.86127022941254, Rakesh
2.86127022941254, Leroy
2.86127022941254, Hasan
2.86127022941254, Giles
2.86127022941254, Gianni
2.86127022941254, Dinesh
2.86127022941254, Danilo
2.86127022941254, Abel
2.8554910047649367, Eugene
2.8429181720887353, Vadim
2.8429181720887353, Timo
2.8429181720887353, Suresh
2.8429181720887353, Stanislav
2.8429181720887353, Ramon
2.8429181720887353, Philipp
2.8429181720887353, Pawe%C5%82
2.8429181720887353, Neville
2.8429181720887353, Kostas
2.8429181720887353, Jean-Fran%C3%A7ois
2.8429181720887353, Elliott
2.8429181720887353, Darko
2.8429181720887353, Arun
2.8429181720887353, Anand
2.8429181720887353, Adriano
2.824223120429492, Sid
2.824223120429492, Serhiy
2.824223120429492, Mirko
2.824223120429492, Mehmet
2.824223120429492, Khaled
2.824223120429492, Jeremiah
2.824223120429492, Istv%C3%A1n
2.824223120429492, Heinz
2.824223120429492, Garth
2.824223120429492, Alistair
2.8061706820707792, Max
2.8053146058086202, St%C3%A9phane
2.805172006820225, Ruslan
2.805172006820225, Micha%C5%82
2.805172006820225, Jean-Louis
2.805172006820225, Herb
2.805172006820225, Avi
2.78575100233307, Uwe
2.78575100233307, Thom
2.78575100233307, Tariq
2.78575100233307, Salim
2.78575100233307, Rudolf
2.78575100233307, Patrik
2.78575100233307, Morris
2.78575100233307, F%C3%A9lix
2.78575100233307, Branko
2.78575100233307, Beno%C3%AEt
2.78575100233307, Abbas
2.7760354663148377, Randall
2.7659454564153556, J%C3%B6rg
2.7659454564153556, Gideon
2.7659454564153556, Des
2.7659454564153556, Clyde
2.7659454564153556, Bojan
2.7659454564153556, Basil
2.745739830484819, Reece
2.745739830484819, Jean-Marc
2.745739830484819, J%C3%A9r%C3%B4me
2.745739830484819, Hern%C3%A1n
2.745739830484819, Esteban
2.7252485457890465, Jens
2.7252485457890465, J%C3%BCrgen
2.7251176246775852, Zachary
2.7251176246775852, Wendell
2.7251176246775852, Vyacheslav
2.7251176246775852, Solomon
2.7251176246775852, Rohan
2.7251176246775852, Malik
2.7251176246775852, Lester
2.7251176246775852, Juli%C3%A1n
2.7251176246775852, Javi
2.7251176246775852, Humberto
2.7251176246775852, Gunnar
2.7251176246775852, Gregor
2.7251176246775852, G%C3%A1bor
2.7251176246775852, Floyd
2.7251176246775852, Facundo
2.7251176246775852, Emanuele
2.7251176246775852, Domenico
2.7251176246775852, Dante
2.7097533302471435, Gene
2.704061296883774, Zolt%C3%A1n
2.704061296883774, Zac
2.704061296883774, Skip
2.704061296883774, Shlomo
2.704061296883774, Sheldon
2.704061296883774, Mats
2.704061296883774, Mat
2.704061296883774, Jesper
2.704061296883774, Jakob
2.704061296883774, Ismail
2.704061296883774, Gino
2.704061296883774, Georgi
2.704061296883774, Erwin
2.704061296883774, Ernst
2.704061296883774, Elijah
2.704061296883774, Andriy
2.6934910904852956, Jonny
2.6934910904852956, Gregg
2.682552173075347, Levi
2.682552173075347, Jean-Michel
2.682552173075347, Hermann
2.682552173075347, Giacomo
2.682552173075347, Franck
2.682552173075347, F%C3%A1bio
2.682552173075347, Evgeny
2.682552173075347, Clinton
2.682552173075347, Bilal
2.6743130898151737, Shaun
2.6717452658987106, Terence
2.660570347777629, Sir
2.660570347777629, Reuben
2.660570347777629, Rajiv
2.660570347777629, Nolan
2.660570347777629, Mathew
2.660570347777629, Konrad
2.660570347777629, Josep
2.660570347777629, Jakub
2.660570347777629, Horst
2.660570347777629, Diogo
2.660570347777629, Brady
2.660570347777629, Adolfo
2.644261369345452, Chris
2.641769426167529, Randy
2.6380945733551435, Willem
2.6380945733551435, Rolando
2.6380945733551435, P%C3%A9ter
2.6380945733551435, Niklas
2.6380945733551435, Nabil
2.6380945733551435, Maciej
2.6380945733551435, Luiz
2.6380945733551435, Jerzy
2.6380945733551435, Jarrod
2.6380945733551435, Ihor
2.6380945733551435, %C5%BDeljko
2.6267822022383296, Vic
2.6267822022383296, Kieran
2.615218460909025, Ernie
2.615218460909025, Benny
2.615102136568538, Vladislav
2.615102136568538, Uri
2.615102136568538, Lukas
2.615102136568538, Jonah
2.615102136568538, Hector
2.615102136568538, G%C3%BCnter
2.615102136568538, Filippo
2.615102136568538, Emiliano
2.615102136568538, Edmund
2.615102136568538, Butch
2.615102136568538, Bogdan
2.615102136568538, Aldo
2.6035195022261277, Perry
2.6035195022261277, Lionel
2.5922493752317104, Brett
2.591568720604954, Wojciech
2.591568720604954, Volker
2.591568720604954, Tomislav
2.591568720604954, Thiago
2.591568720604954, S%C3%A9rgio
2.591568720604954, Rashid
2.591568720604954, Jed
2.591568720604954, Gilberto
2.591568720604954, Germ%C3%A1n
2.591568720604954, Ezequiel
2.591568720604954, Bud
2.591568720604954, Bj%C3%B8rn
2.591568720604954, Amos
2.591568720604954, Alessio
2.587246231812446, Drew
2.579703015718552, Freddie
2.5675787362920612, Miles
2.5675787362920612, Kristian
2.5674682504810207, Slobodan
2.5674682504810207, Matty
2.5674682504810207, Marcello
2.5674682504810207, Kenji
2.5674682504810207, Janusz
2.5674682504810207, Hussein
2.5674682504810207, Grzegorz
2.5674682504810207, Gast%C3%B3n
2.5674682504810207, Cyrus
2.5674682504810207, Bret
2.5674682504810207, Brendon
2.5674682504810207, Armen
2.5674682504810207, Ante
2.5674682504810207, Anderson
2.555305724814618, Ram
2.5428802859389528, Bernie
2.5427727193542946, Yusuf
2.5427727193542946, Silvio
2.5427727193542946, Sandeep
2.5427727193542946, Salvador
2.5427727193542946, Romain
2.5427727193542946, Prakash
2.5427727193542946, Nik
2.5427727193542946, Mohan
2.5427727193542946, Marcin
2.5427727193542946, Leif
2.5427727193542946, Horacio
2.5427727193542946, Herv%C3%A9
2.5427727193542946, Faisal
2.5427727193542946, Dion
2.5427727193542946, Colm
2.5427727193542946, Carsten
2.5427727193542946, Bernardo
2.5427727193542946, Andrej
2.517451992842169, Wim
2.517451992842169, Vivek
2.517451992842169, Virgil
2.517451992842169, Takeshi
2.517451992842169, Sylvain
2.517451992842169, Romeo
2.517451992842169, Robby
2.517451992842169, Rapha%C3%ABl
2.517451992842169, Patricio
2.517451992842169, Josip
2.517451992842169, Jasper
2.517451992842169, Hamish
2.517451992842169, Giancarlo
2.517451992842169, Fraser
2.517451992842169, Frans
2.517451992842169, Duke
2.517451992842169, Bertrand
2.517451992842169, Anwar
2.5090746376087907, Noah
2.50465031653855, Jackson
2.50465031653855, Garrett
2.4918805740729963, Robbie
2.4914735879195895, Saul
2.4914735879195895, Said
2.4914735879195895, Saeed
2.4914735879195895, Ronan
2.4914735879195895, Niels
2.4914735879195895, Fritz
2.4914735879195895, Borja
2.4914735879195895, Attila
2.4914735879195895, Arne
2.4648024223266276, Yury
2.4648024223266276, Raul
2.4648024223266276, Rajendra
2.4648024223266276, Kirill
2.4648024223266276, Jonathon
2.4648024223266276, Ike
2.4648024223266276, Giulio
2.4648024223266276, Giorgi
2.4648024223266276, Gian
2.4648024223266276, Cornelius
2.4648024223266276, C%C3%A9dric
2.4648024223266276, Armin
2.4648024223266276, Adil
2.4512926605122587, Chip
2.44681189468319, Reggie
2.43740052963623, Yehuda
2.43740052963623, Vikram
2.43740052963623, Tito
2.43740052963623, Terrance
2.43740052963623, Steffen
2.43740052963623, Satish
2.43740052963623, Sanjeev
2.43740052963623, Ronny
2.43740052963623, Quinton
2.43740052963623, Predrag
2.43740052963623, Paco
2.43740052963623, Olaf
2.43740052963623, Monte
2.43740052963623, Mikey
2.43740052963623, Mattias
2.43740052963623, Mattia
2.43740052963623, Mads
2.43740052963623, Kwame
2.43740052963623, Knut
2.43740052963623, Jovan
2.43740052963623, Jaroslav
2.43740052963623, Jacek
2.43740052963623, Ismael
2.43740052963623, Ioannis
2.43740052963623, Henk
2.43740052963623, Hartmut
2.43740052963623, Hannes
2.43740052963623, Giannis
2.43740052963623, Fabrice
2.43740052963623, Arjun
2.43740052963623, Alexandru
2.43740052963623, Ahmet
2.4092267341757694, Yossi
2.4092267341757694, Rocco
2.4092267341757694, Raffaele
2.4092267341757694, Maximiliano
2.4092267341757694, Louie
2.4092267341757694, Lev
2.4092267341757694, Jefferson
2.4092267341757694, Eoin
2.4092267341757694, Dermot
2.4092267341757694, Damir
2.4092267341757694, Carlton
2.4092267341757694, Artem
2.4092267341757694, Aleksander
2.394928048776441, Rocky
2.394928048776441, Clayton
2.3803263305804148, Raphael
2.3802362788172697, Yuriy
2.3802362788172697, Ulf
2.3802362788172697, Saad
2.3802362788172697, Rajeev
2.3802362788172697, Pradeep
2.3802362788172697, Mohd
2.3802362788172697, Kjell
2.3802362788172697, Jayson
2.3802362788172697, Godfrey
2.3802362788172697, Fabien
2.3802362788172697, Aditya
2.3655083260289196, Hank
2.3504675299065436, Rhys
2.3504675299065436, Raj
2.3503803971908575, Zvi
2.3503803971908575, Vladim%C3%ADr
2.3503803971908575, V%C3%ADtor
2.3503803971908575, Myles
2.3503803971908575, Moussa
2.3503803971908575, Lyle
2.3503803971908575, Jeffery
2.3503803971908575, J%C3%A1nos
2.3503803971908575, Guilherme
2.3503803971908575, Donovan
2.3503803971908575, Dimitrios
2.3503803971908575, Cristiano
2.3503803971908575, Brooks
2.3503803971908575, Aziz
2.3503803971908575, Armand
2.3503803971908575, Arif
2.3503803971908575, Andr%C3%A1s
2.3503803971908575, %C4%90or%C4%91e
2.3430343042218684, Nikola
2.335197139026439, Clifford
2.335197139026439, Akira
2.319605820055891, Zak
2.319605820055891, Walid
2.319605820055891, Vinny
2.319605820055891, Taras
2.319605820055891, Tam%C3%A1s
2.319605820055891, Stu
2.319605820055891, Sr%C4%91an
2.319605820055891, Seamus
2.319605820055891, Rasmus
2.319605820055891, R%C3%BCdiger
2.319605820055891, Niko
2.319605820055891, Lincoln
2.319605820055891, Lasse
2.319605820055891, Jean-Luc
2.319605820055891, Ivica
2.319605820055891, Howie
2.319605820055891, Claus
2.319605820055891, Burton
2.319605820055891, Barney
2.319605820055891, Arvind
2.3039387580492594, Wally
2.3039387580492594, Clark
2.28793549797906, Maxim
2.28793549797906, Mason
2.28793549797906, Buddy
2.28793549797906, Ajay
2.287854203281615, Youssef
2.287854203281615, Yevgeny
