-7.846972003380529, Susan
-7.803612935736548, Sarah
-7.612000008497147, Lisa
-7.591325869994162, Barbara
-7.560328850546652, Elizabeth
-7.560328850546652, Jennifer
-7.42206858877809, Maria
-7.351257242956107, Jane
-7.302229457337385, Mary
-7.261828111742005, Nancy
-7.213952388824889, Kate
-7.2045696559693635, Julie
-7.173458083127533, Patricia
-7.079258687288988, Ann
-7.060401697666113, Helen
-7.030036706570038, Rebecca
-7.02723029032575, Julia
-6.911186704190536, Sandra
-6.8560890577743345, Deborah
-6.849403952922737, Amanda
-6.849403952922737, Stephanie
-6.845409260328415, Anne
-6.835898909902192, Ruth
-6.830058706033935, Laura
-6.818758445987801, Janet
-6.815295005262947, Caroline
-6.804832510908545, Angela
-6.7283772279948675, Heather
-6.707803817378857, Linda
-6.689818913593159, Melissa
-6.681926451463848, Diana
-6.681926451463848, Diane
-6.637373463606852, Ellen
-6.637373463606852, Victoria
-6.573247736961409, Kathleen
-6.568823518231542, Jill
-6.559916170026742, Jenny
-6.5464052191429625, Alexandra
-6.523474926091353, Sue
-6.523134389298624, Catherine
-6.500709409731315, Anna
-6.490466375021321, Katherine
-6.475980695108024, Eva
-6.475980695108024, Katie
-6.4754351733984095, Amy
-6.466206122760372, Pamela
-6.44636670167498, Judy
-6.443174161216277, Margaret
-6.436297969434529, Sophie
-6.4261272019219815, Elena
-6.4261272019219815, Liz
-6.4158523060446715, Cynthia
-6.409845701600321, Christine
-6.394981428736763, Martha
-6.394981428736763, Paula
-6.389695174246138, Marie
-6.368267195551594, Vanessa
-6.342476076356371, Jessica
-6.335241995781701, Kathy
-6.329630543773669, Anita
-6.329630543773669, Carolyn
-6.329630543773669, Charlotte
-6.3068655077043845, Claudia
-6.289446177136688, Olga
-6.283571861901476, Natalie
-6.282178722452734, Carol
-6.277662944076035, Christina
-6.277662944076035, Suzanne
-6.241459257545917, Tina
-6.239874864962442, Sara
-6.235296196865174, Beth
-6.235296196865174, Jacqueline
-6.229095031595438, Kathryn
-6.229095031595438, Marina
-6.229095031595438, Megan
-6.203899692717483, Monica
-6.192483856656932, Emily
-6.164878557857611, Joanna
-6.156253854158596, Judith
-6.144783412784762, Denise
-6.144783412784762, Fiona
-6.13115937313693, Sheila
-6.103343034860027, Elaine
-6.103343034860027, Melanie
-6.0891400132902715, Rita
-6.081962330649533, Betty
-6.074732889598433, Cathy
-6.074732889598433, Cheryl
-6.068708247091721, Wendy
-6.03022597033662, Annie
-6.03022597033662, Maggie
-6.016132916414303, Nicole
-6.007208874907236, Yvonne
-5.999417542232617, Sylvia
-5.9859640409900186, Michelle
-5.977968231633636, Rachel
-5.967632075832731, Cindy
-5.967632075832731, Irina
-5.967632075832731, Teresa
-5.956571455110805, Emma
-5.951353171425245, Esther
-5.934805486276277, Irene
-5.934805486276277, Shirley
-5.9264280451336075, Sonia
-5.917979985100073, Ingrid
-5.900867169218874, Joanne
-5.883457044323018, Gina
-5.883457044323018, Karin
-5.875673419467401, Claire
-5.875673419467401, Mar%C3%ADa
-5.857779000830869, Nina
-5.85676122459843, Maureen
-5.847702198366646, Cristina
-5.847702198366646, Lori
-5.847702198366646, Miriam
-5.838560524175975, Dorothy
-5.825675248181012, Sally
-5.82002309540734, Natasha
-5.810624164683499, Debbie
-5.810624164683499, Gillian
-5.7915575892181845, Elisabeth
-5.7915575892181845, Erika
-5.7915575892181845, Rose
-5.7915575892181845, Rosemary
-5.787682419647741, Louise
-5.781886488185827, Carole
-5.7721211232042995, Annette
-5.762259636809581, Marianne
-5.762259636809581, Nadia
-5.7523001160891605, Jeanne
-5.74224059045286, Debra
-5.74224059045286, Janice
-5.732079029290493, Cecilia
-5.732079029290493, Marta
-5.712321024873258, Donna
-5.70096087363211, Daniela
-5.70096087363211, Kimberly
-5.685888282751152, Lucy
-5.668844991252263, Eileen
-5.668844991252263, Heidi
-5.668844991252263, Vera
-5.657906731612841, Pam
-5.646847706403463, Anastasia
-5.646847706403463, Helena
-5.629759102909851, Lauren
-5.6243564727591275, Eleanor
-5.6243564727591275, Isabel
-5.6243564727591275, Tanya
-5.6221649017089845, Alice
-5.601348577079889, Carrie
-5.595123890805522, Ana
-5.589643348716076, Erica
-5.589643348716076, Veronica
-5.5777997025528805, Audrey
-5.5777997025528805, Marcia
-5.554434580990128, Hannah
-5.528972785162944, Beverly
-5.528972785162944, Tiffany
-5.516384814862016, Adriana
-5.516384814862016, Kristina
-5.516384814862016, Leah
-5.516384814862016, Lynne
-5.516384814862016, Monika
-5.516384814862016, Svetlana
-5.504350601255478, Danielle
-5.5036366010749385, Colleen
-5.5036366010749385, Petra
-5.490724008313802, Gabriela
-5.490724008313802, Isabelle
-5.490724008313802, Silvia
-5.490724008313802, Tatiana
-5.484904932108332, Joyce
-5.4776427389056375, Sophia
-5.4776427389056375, Ursula
-5.464388324399221, Regina
-5.450956116395099, Florence
-5.450956116395099, Georgia
-5.437341276751751, Lorraine
-5.424197564986497, Valerie
-5.4235387671162565, Lydia
-5.4235387671162565, Roberta
-5.417219702170208, Princess
-5.409543337722768, Chloe
-5.409543337722768, Nora
-5.409543337722768, Sofia
-5.409543337722768, Stella
-5.4031165755416355, Grace
-5.388812231885392, Frances
-5.380951590694437, Susanne
-5.374300838512112, Bonnie
-5.374300838512112, Naomi
-5.366343604107754, Francesca
-5.366343604107754, Lois
-5.366343604107754, Phyllis
-5.359576305389744, Carla
-5.359576305389744, Natalia
-5.351519331241486, Mona
-5.351519331241486, Nathalie
-5.336472266880222, Josephine
-5.336472266880222, Lily
-5.329462079701197, Brenda
-5.321195607837108, Tania
-5.305682234473217, Gabrielle
-5.305682234473217, Leila
-5.2899246907615485, Lena
-5.2899246907615485, Madeleine
-5.2899246907615485, Zoe
-5.273915162755974, Brittany
-5.273915162755974, Katrina
-5.257645455309453, Angie
-5.257645455309453, Carolina
-5.257645455309453, Clara
-5.257645455309453, Daisy
-5.257645455309453, Georgina
-5.257645455309453, Iris
-5.257645455309453, Sabine
-5.2510703478488265, Alison
-5.241655387512136, Gloria
-5.241655387512136, Virginia
-5.241106966867895, Jen
-5.241106966867895, Johanna
-5.241106966867895, Nadine
-5.241106966867895, Sabrina
-5.224829886335932, Alicia
-5.224290662145558, Terri
-5.216310005364835, Olivia
-5.207187042464691, Paola
-5.189786113515642, Betsy
-5.189786113515642, Brigitte
-5.189786113515642, Crystal
-5.189786113515642, Jana
-5.189786113515642, Justine
-5.189786113515642, Martina
-5.189786113515642, Theresa
-5.172077350263447, Caitlin
-5.172077350263447, Doris
-5.172077350263447, Jenna
-5.172077350263447, Norma
-5.172077350263447, Valentina
-5.154049658692361, Beatrice
-5.154049658692361, Becky
-5.154049658692361, Bridget
-5.154049658692361, Elisa
-5.154049658692361, Geraldine
-5.154049658692361, Susie
-5.135691334040138, Harriet
-5.116990015128342, Janine
-5.116990015128342, Rachael
-5.116990015128342, Sonja
-5.116990015128342, Susanna
-5.097932634342383, Eve
-5.097932634342383, Margarita
-5.078505362754396, Bettina
-5.078505362754396, Ella
-5.078505362754396, Hayley
-5.078505362754396, Juliet
-5.078505362754396, Lynda
-5.078505362754396, Rosie
-5.06910953804544, Molly
-5.058693549811707, Beatriz
-5.058693549811707, Celia
-5.058693549811707, Edith
-5.058693549811707, Lina
-5.058693549811707, Mariana
-5.058693549811707, Meg
-5.049090491688719, Maya
-5.038928930526352, Tamara
-5.0384816569320545, Dianne
-5.0384816569320545, Priscilla
-5.025659175094912, Holly
-5.017853184251559, Alina
-5.017853184251559, Anja
-5.017853184251559, Astrid
-5.017853184251559, Belinda
-5.017853184251559, Constance
-5.017853184251559, Gemma
-5.017853184251559, Marjorie
-4.996790589660339, Adrienne
-4.996790589660339, Agnes
-4.996790589660339, Aleksandra
-4.996790589660339, Jasmine
-4.996790589660339, Rosalind
-4.996790589660339, Tatyana
-4.975275199130358, Bernadette
-4.975275199130358, Hazel
-4.975275199130358, Liza
-4.975275199130358, Mich%C3%A8le
-4.975275199130358, Patti
-4.975275199130358, Polly
-4.975275199130358, Tessa
-4.9647566328487, Amber
-4.961497579190573, Marilyn
-4.961497579190573, Samantha
-4.953287107186935, Abby
-4.953287107186935, Candice
-4.953287107186935, Daphne
-4.953287107186935, Fran%C3%A7oise
-4.953287107186935, Katja
-4.953287107186935, Katy
-4.953287107186935, Margo
-4.953287107186935, Susana
-4.953287107186935, Wanda
-4.942515118102841, Peggy
-4.930805066194597, Amelia
-4.930805066194597, Ekaterina
-4.930805066194597, Gretchen
-4.930805066194597, Maja
-4.930805066194597, Penelope
-4.919768489401878, Kristin
-4.908198478315748, Monique
-4.907806362913984, Alexa
-4.907806362913984, Chelsea
-4.907806362913984, Corinne
-4.907806362913984, Elsa
-4.907806362913984, Jillian
-4.907806362913984, Katharine
-4.907806362913984, Maxine
-4.8846496037887395, Pauline
-4.884266680532241, Antonia
-4.884266680532241, Camilla
-4.884266680532241, Gabriella
-4.884266680532241, Lillian
-4.884266680532241, Mercedes
-4.8605336754305775, Vicki
-4.860159944065993, Ada
-4.860159944065993, Alejandra
-4.860159944065993, Alessandra
-4.860159944065993, H%C3%A9l%C3%A8ne
-4.860159944065993, Jeanette
-4.860159944065993, Karina
-4.860159944065993, Magdalena
-4.860159944065993, Marisa
-4.860159944065993, Michaela
-4.860159944065993, Oksana
-4.860159944065993, Suzy
-4.848254394575849, Kirsten
-4.835458146672797, Colette
-4.835458146672797, Fatima
-4.835458146672797, Isabella
-4.835458146672797, Jodi
-4.835458146672797, Karla
-4.835458146672797, Marlene
-4.835458146672797, Marsha
-4.835458146672797, Maryam
-4.810131153970041, Deirdre
-4.810131153970041, Elise
-4.810131153970041, Gladys
-4.810131153970041, Ida
-4.810131153970041, Lorna
-4.810131153970041, M%C3%B3nica
-4.810131153970041, Rhonda
-4.810131153970041, Yvette
-4.784146482932673, Charlene
-4.784146482932673, Christiane
-4.784146482932673, Laila
-4.784146482932673, Madeline
-4.784146482932673, Mariam
-4.784146482932673, Phoebe
-4.784146482932673, Stefanie
-4.784146482932673, Valeria
-4.784146482932673, Yolanda
-4.776019098590566, Dawn
-4.76185864920894, Karen
-4.757806017630958, Mia
-4.757469051300761, Lana
-4.757469051300761, Laurel
-4.757469051300761, Loretta
-4.757469051300761, Sonya
-4.730060892647252, Beverley
-4.730060892647252, Ewa
-4.730060892647252, Helene
-4.730060892647252, Kirsty
-4.730060892647252, Kristine
-4.730060892647252, Leanne
-4.730060892647252, Natalya
-4.730060892647252, Serena
-4.7025181053543985, Clare
-4.701880831299514, Adele
-4.701880831299514, Amina
-4.701880831299514, Daria
-4.701880831299514, Felicity
-4.701880831299514, Juliette
-4.701880831299514, Libby
-4.701880831299514, Mara
-4.701880831299514, Raquel
-4.701880831299514, Simona
-4.687801491930296, Rosa
-4.687801491930296, Tracey
-4.672884110129571, Alma
-4.672884110129571, Arlene
-4.672884110129571, Birgit
-4.672884110129571, Irma
-4.672884110129571, Jennie
-4.672884110129571, Larisa
-4.672884110129571, Lucia
-4.672884110129571, Tanja
-4.643021962767552, Annabel
-4.643021962767552, Cassandra
-4.643021962767552, Christa
-4.643021962767552, Cornelia
-4.643021962767552, Galina
-4.643021962767552, Glenda
-4.643021962767552, Greta
-4.643021962767552, Juliana
-4.643021962767552, Kelli
-4.643021962767552, Lucie
-4.643021962767552, Lucinda
-4.643021962767552, Manuela
-4.643021962767552, Yasmin
-4.629821045890402, Sharon
-4.612532135709076, Abigail
-4.612532135709076, Bianca
-4.612532135709076, Meredith
-4.612241119972808, Aida
-4.612241119972808, Anne-Marie
-4.612241119972808, Dolores
-4.612241119972808, Eugenia
-4.612241119972808, Faye
-4.612241119972808, Fernanda
-4.612241119972808, Irena
-4.612241119972808, Katerina
-4.612241119972808, Margot
-4.612241119972808, Pilar
-4.612241119972808, Renata
-4.612241119972808, Sabina
-4.612241119972808, Tricia
-4.612241119972808, Yelena
-4.5967745919974075, April
-4.5967745919974075, Lara
-4.580483237614585, Aimee
-4.580483237614585, Felicia
-4.580483237614585, Ina
-4.580483237614585, Ivana
-4.580483237614585, Katrin
-4.580483237614585, Krista
-4.580483237614585, Martine
-4.580483237614585, Melody
-4.580483237614585, Mira
-4.564495356545312, Renee
-4.547684230832298, Annika
-4.547684230832298, Aya
-4.547684230832298, Eliza
-4.547684230832298, Emilia
-4.547684230832298, Luisa
-4.547684230832298, Maura
-4.547684230832298, Philippa
-4.547684230832298, Trish
-4.547684230832298, Ulrike
-4.547684230832298, Val%C3%A9rie
-4.513773495281663, Alisa
-4.513773495281663, Celeste
-4.513773495281663, Francine
-4.513773495281663, Genevieve
-4.513773495281663, Helga
-4.513773495281663, Jeannie
-4.513773495281663, Katarzyna
-4.513773495281663, Kayla
-4.513773495281663, Kendra
-4.513773495281663, Moira
-4.513773495281663, Pia
-4.513773495281663, Rena
-4.513773495281663, Rina
-4.513773495281663, Siobhan
-4.496636014751501, Melinda
-4.496636014751501, Ruby
-4.479181577467864, Brooke
-4.478672991679783, Cara
-4.478672991679783, Carina
-4.478672991679783, Jenn
-4.478672991679783, Julianne
-4.478672991679783, Myriam
-4.478672991679783, Roxanne
-4.478672991679783, Sheryl
-4.478672991679783, Thelma
-4.478672991679783, Yulia
-4.478672991679783, Zo%C3%AB
-4.478672991679783, Zuzana
-4.44229616380264, Darlene
-4.44229616380264, Doreen
-4.44229616380264, Ksenia
-4.44229616380264, Lia
-4.44229616380264, Lise
-4.44229616380264, Marguerite
-4.44229616380264, Milena
-4.44229616380264, Olena
-4.430354660077928, Evelyn
-4.404546652197865, C%C3%A9line
-4.404546652197865, Chiara
-4.404546652197865, Daniella
-4.404546652197865, Fanny
-4.404546652197865, Jayne
-4.404546652197865, Katarina
-4.404546652197865, Lizzie
-4.404546652197865, Marcela
-4.404546652197865, Mindy
-4.404546652197865, Paulina
-4.404546652197865, Sigrid
-4.404546652197865, Tess
-4.385355263990255, Patty
-4.365543451047566, Miranda
-4.365316755506992, Aditi
-4.365316755506992, Anjali
-4.365316755506992, Candace
-4.365316755506992, Deanna
-4.365316755506992, Eleni
-4.365316755506992, Eunice
-4.365316755506992, Gwendolyn
-4.365316755506992, Hilda
-4.365316755506992, Jenni
-4.365316755506992, Josie
-4.365316755506992, Katharina
-4.365316755506992, Keiko
-4.365316755506992, Kristy
-4.365316755506992, Larissa
-4.365316755506992, Lili
-4.365316755506992, Lorena
-4.365316755506992, Luciana
-4.365316755506992, Mireille
-4.365316755506992, Pooja
-4.365316755506992, Ramona
-4.365316755506992, Sandrine
-4.365316755506992, Selina
-4.365316755506992, Susannah
-4.365316755506992, Veronika
-4.365316755506992, Yuka
-4.365316755506992, Zahra
-4.3453315581679135, Ellie
-4.3247030854874176, Tammy
-4.324485577533483, Aisha
-4.324485577533483, Annabelle
-4.324485577533483, Ariana
-4.324485577533483, Camila
-4.324485577533483, Dora
-4.324485577533483, Gisela
-4.324485577533483, Jeannette
-4.324485577533483, Kavita
-4.324485577533483, Marissa
-4.324485577533483, Neha
-4.324485577533483, Renate
-4.324485577533483, Sherri
-4.324485577533483, Tatjana
-4.324485577533483, Teri
-4.303640490896198, Chantal
-4.303640490896198, Dina
-4.281916779745769, Alena
-4.281916779745769, Brianna
-4.281916779745769, Cassie
-4.281916779745769, Catriona
-4.281916779745769, Delia
-4.281916779745769, Elvira
-4.281916779745769, Ginny
-4.281916779745769, Jelena
-4.281916779745769, Lila
-4.281916779745769, Mariya
-4.281916779745769, Megumi
-4.281916779745769, Nell
-4.281916779745769, Polina
-4.281916779745769, Queen
-4.281916779745769, Rochelle
-4.281916779745769, Rosemarie
-4.281916779745769, Sayaka
-4.281916779745769, Therese
-4.281916779745769, Usha
-4.281916779745769, Viktoria
-4.281916779745769, Wilma
-4.271603615854816, Nikki
-4.260544590645438, Allison
-4.260137008422794, Ren%C3%A9e
-4.237654967430456, Sherry
-4.237455833890349, Allie
-4.237455833890349, Angelica
-4.237455833890349, Angelika
-4.237455833890349, Angelina
-4.237455833890349, Catalina
-4.237455833890349, Delphine
-4.237455833890349, Emmanuelle
-4.237455833890349, Giulia
-4.237455833890349, Ilana
-4.237455833890349, Lene
-4.237455833890349, Lidia
-4.237455833890349, Liv
-4.237455833890349, Louisa
-4.237455833890349, Maia
-4.237455833890349, Niamh
-4.237455833890349, Rebekah
-4.237455833890349, Suzi
-4.237455833890349, Thea
-4.237455833890349, Trisha
-4.237455833890349, Yuliya
-4.222577482752092, Lady
-4.215045461321864, Penny
-4.207064109388201, Mari
-4.190926635055202, Agnieszka
-4.190926635055202, Alana
-4.190926635055202, Alla
-4.190926635055202, Aparna
-4.190926635055202, Asha
-4.190926635055202, Aurora
-4.190926635055202, Blanca
-4.190926635055202, C%C3%A9cile
-4.190926635055202, Charmaine
-4.190926635055202, Edna
-4.190926635055202, Elinor
-4.190926635055202, Ilona
-4.190926635055202, Karyn
-4.190926635055202, Krystal
-4.190926635055202, Millie
-4.190926635055202, Paloma
-4.190926635055202, Priyanka
-4.190926635055202, Rosanna
-4.190926635055202, Samira
-4.190926635055202, Shauna
-4.190926635055202, Sian
-4.190926635055202, St%C3%A9phanie
-4.190926635055202, Tonya
-4.159579111091052, Tara
-4.142308047908656, Sylvie
-4.142127287769847, Alexia
-4.142127287769847, Ayesha
-4.142127287769847, Bethany
-4.142127287769847, Cora
-4.142127287769847, Genevi%C3%A8ve
-4.142127287769847, Iryna
-4.142127287769847, Kaori
-4.142127287769847, Karolina
-4.142127287769847, Katalin
-4.142127287769847, Kellie
-4.142127287769847, Leonie
-4.142127287769847, Leyla
-4.142127287769847, Luc%C3%ADa
-4.142127287769847, Misty
-4.142127287769847, Paulette
-4.142127287769847, Salma
-4.142127287769847, Savannah
-4.142127287769847, Sin%C3%A9ad
-4.142127287769847, Tia
-4.142127287769847, V%C3%A9ronique
-4.142127287769847, Virginie
-4.090996384168532, Carly
-4.0908248103507034, %C3%81ngela
-4.0908248103507034, Aline
-4.0908248103507034, Anat
-4.0908248103507034, Asma
-4.0908248103507034, Ay%C5%9Fe
-4.0908248103507034, Cheri
-4.0908248103507034, Ciara
-4.0908248103507034, Dalia
-4.0908248103507034, Inger
-4.0908248103507034, Janette
-4.0908248103507034, Judi
-4.0908248103507034, Kerstin
-4.0908248103507034, Lenore
-4.0908248103507034, Leticia
-4.0908248103507034, Lynette
-4.0908248103507034, Lyudmila
-4.0908248103507034, Nanette
-4.0908248103507034, Nata%C5%A1a
-4.0908248103507034, Seema
-4.0908248103507034, Soledad
-4.0908248103507034, Suzie
-4.0908248103507034, Ver%C3%B3nica
-4.0908248103507034, Vesna
-4.0908248103507034, Vivienne
-4.0908248103507034, Yasmine
-4.0908248103507034, Yumi
-4.06431895253662, Kat
-4.037235651358231, Lesley
-4.036910793883111, Alyssa
-4.03674840613316, Aileen
-4.03674840613316, Alyson
-4.03674840613316, Antoinette
-4.03674840613316, Becca
-4.03674840613316, Bronwyn
-4.03674840613316, Claudette
-4.03674840613316, Consuelo
-4.03674840613316, Eleonora
-4.03674840613316, Estelle
-4.03674840613316, Giovanna
-4.03674840613316, Heike
-4.03674840613316, Hilde
-4.03674840613316, Inna
-4.03674840613316, Kaitlyn
-4.03674840613316, Liliana
-4.03674840613316, Ma%C5%82gorzata
-4.03674840613316, Margie
-4.03674840613316, Meenakshi
-4.03674840613316, Mette
-4.03674840613316, Missy
-4.03674840613316, Rhea
-4.03674840613316, Shana
-4.03674840613316, Siti
-4.03674840613316, Una
-4.008730732535373, Gwen
-3.987988967988211, Gail
-3.9795808094302707, %C3%81gnes
-3.9795808094302707, Adela
-3.9795808094302707, Athena
-3.9795808094302707, Bea
-3.9795808094302707, Beryl
-3.9795808094302707, Brandi
-3.9795808094302707, Carola
-3.9795808094302707, Cherie
-3.9795808094302707, Elke
-3.9795808094302707, Elle
-3.9795808094302707, Emilie
-3.9795808094302707, Ethel
-3.9795808094302707, Farida
-3.9795808094302707, France
-3.9795808094302707, Francisca
-3.9795808094302707, Graciela
-3.9795808094302707, Henrietta
-3.9795808094302707, Hitomi
-3.9795808094302707, Isobel
-3.9795808094302707, Janelle
-3.9795808094302707, Jeanine
-3.9795808094302707, Jeannine
-3.9795808094302707, Jenifer
-3.9795808094302707, Juanita
-3.9795808094302707, Jutta
-3.9795808094302707, Karine
-3.9795808094302707, Kathrin
-3.9795808094302707, Magda
-3.9795808094302707, Malika
-3.9795808094302707, Marianna
-3.9795808094302707, Marija
-3.9795808094302707, Marisol
-3.9795808094302707, Myrna
-3.9795808094302707, Naoko
-3.9795808094302707, Nisha
-3.9795808094302707, Rachelle
-3.9795808094302707, Risa
-3.9795808094302707, Scarlett
-3.9795808094302707, Trudy
-3.9795808094302707, Verena
-3.926483674457055, Erin
-3.9190910212086667, Hana
-3.9190910212086667, Kylie
-3.9190910212086667, Muriel
-3.9189470048352195, Agn%C3%A8s
-3.9189470048352195, Alia
-3.9189470048352195, Alissa
-3.9189470048352195, Archana
-3.9189470048352195, Bernice
-3.9189470048352195, Bree
-3.9189470048352195, Caterina
-3.9189470048352195, Cherry
-3.9189470048352195, Clarissa
-3.9189470048352195, Debora
-3.9189470048352195, Elina
-3.9189470048352195, Fay
-3.9189470048352195, Federica
-3.9189470048352195, Frida
-3.9189470048352195, Gwyneth
-3.9189470048352195, Ilse
-3.9189470048352195, Jaclyn
-3.9189470048352195, Janina
-3.9189470048352195, Jemma
-3.9189470048352195, JoAnn
-3.9189470048352195, Joana
-3.9189470048352195, Josefina
-3.9189470048352195, Julieta
-3.9189470048352195, Laetitia
-3.9189470048352195, Leena
-3.9189470048352195, Mae
-3.9189470048352195, Marit
-3.9189470048352195, Marita
-3.9189470048352195, Meera
-3.9189470048352195, Mercy
-3.9189470048352195, Nadezhda
-3.9189470048352195, Nadja
-3.9189470048352195, Rie
-3.9189470048352195, Romina
-3.9189470048352195, Rosalie
-3.9189470048352195, Shari
-3.9189470048352195, Shona
-3.9189470048352195, Silvana
-3.9189470048352195, Stefania
-3.9189470048352195, Sudha
-3.9189470048352195, Tasha
-3.9189470048352195, Trina
-3.9189470048352195, Zara
-3.898172464575323, Kara
-3.8876120469979485, Mimi
-3.887333138850444, Mina
-3.8812744230118232, Shelley
-3.8545341320681565, Nelly
-3.854399301003353, Agata
-3.854399301003353, Amira
-3.854399301003353, Ariane
-3.854399301003353, Atsuko
-3.854399301003353, Brigid
-3.854399301003353, Brittney
-3.854399301003353, Dena
-3.854399301003353, Desiree
-3.854399301003353, Elissa
-3.854399301003353, Elyse
-3.854399301003353, Evelina
-3.854399301003353, Gilda
-3.854399301003353, Gordana
-3.854399301003353, Imogen
-3.854399301003353, India
-3.854399301003353, Jeri
-3.854399301003353, Katia
-3.854399301003353, Liane
-3.854399301003353, Lilly
-3.854399301003353, Lizzy
-3.854399301003353, Ludmila
-3.854399301003353, Malin
-3.854399301003353, Melina
-3.854399301003353, Mikaela
-3.854399301003353, Minami
-3.854399301003353, Nuala
-3.854399301003353, Patrizia
-3.854399301003353, Poppy
-3.854399301003353, Rekha
-3.854399301003353, Ria
-3.854399301003353, Rima
-3.854399301003353, Sadie
-3.854399301003353, Selma
-3.854399301003353, Shweta
-3.854399301003353, Suzana
-3.854399301003353, Tereza
-3.854399301003353, Viviane
-3.8321869411095806, Lola
-3.785522892915642, Kira
-3.7853972469064274, %C3%81ine
-3.7853972469064274, Abbie
-3.7853972469064274, Aisling
-3.7853972469064274, Alanna
-3.7853972469064274, Ani
-3.7853972469064274, Annemarie
-3.7853972469064274, Beate
-3.7853972469064274, Chlo%C3%A9
-3.7853972469064274, Dorothea
-3.7853972469064274, Elisabetta
-3.7853972469064274, Elspeth
-3.7853972469064274, Fabiana
-3.7853972469064274, Fabienne
-3.7853972469064274, Freya
-3.7853972469064274, Gertrude
-3.7853972469064274, Jacki
-3.7853972469064274, Jena
-3.7853972469064274, Kaitlin
-3.7853972469064274, Kamila
-3.7853972469064274, Lulu
-3.7853972469064274, Maeve
-3.7853972469064274, Maite
-3.7853972469064274, Manon
-3.7853972469064274, Mariko
-3.7853972469064274, Maryse
-3.7853972469064274, Mayumi
-3.7853972469064274, Mildred
-3.7853972469064274, Natascha
-3.7853972469064274, Neelam
-3.7853972469064274, Nita
-3.7853972469064274, Norah
-3.7853972469064274, Nuria
-3.7853972469064274, Odile
-3.7853972469064274, Orly
-3.7853972469064274, Rika
-3.7853972469064274, Roc%C3%ADo
-3.7853972469064274, Roxana
-3.7853972469064274, Sanja
-3.7853972469064274, Saori
-3.7853972469064274, Selena
-3.7853972469064274, Sondra
-3.7853972469064274, Soraya
-3.7853972469064274, Suzan
-3.7853972469064274, Swati
-3.7853972469064274, Uta
-3.7853972469064274, Ute
-3.7853972469064274, Veena
-3.7853972469064274, Viviana
-3.7853972469064274, Yoshiko
-3.7853972469064274, Yukiko
-3.7491460650384987, Bella
-3.7491460650384987, Kitty
-3.7491460650384987, Meghan
-3.7491460650384987, Pearl
-3.7491460650384987, Saskia
-3.7118625407407455, Kristen
-3.711280092227053, Adrianne
-3.711280092227053, Aishwarya
-3.711280092227053, Amalia
-3.711280092227053, Aneta
-3.711280092227053, Angelique
-3.711280092227053, Anju
-3.711280092227053, Aoife
-3.711280092227053, Ayelet
-3.711280092227053, Britta
-3.711280092227053, Bruna
-3.711280092227053, Caryn
-3.711280092227053, Charity
-3.711280092227053, Christel
-3.711280092227053, Claudine
-3.711280092227053, Corina
-3.711280092227053, Deepa
-3.711280092227053, Dianna
-3.711280092227053, Edwina
-3.711280092227053, Eliana
-3.711280092227053, Flavia
-3.711280092227053, Gerda
-3.711280092227053, Helle
-3.711280092227053, Hiroko
-3.711280092227053, Ilene
-3.711280092227053, Ines
-3.711280092227053, Ingeborg
-3.711280092227053, Jacquelyn
-3.711280092227053, JoAnne
-3.711280092227053, Juana
-3.711280092227053, Judit
-3.711280092227053, Julianna
-3.711280092227053, Kasia
-3.711280092227053, Kateryna
-3.711280092227053, Khadija
-3.711280092227053, Lexi
-3.711280092227053, Marcella
-3.711280092227053, Marcy
-3.711280092227053, Maryanne
-3.711280092227053, Michiko
-3.711280092227053, Mirjana
-3.711280092227053, Neena
-3.711280092227053, Noelle
-3.711280092227053, Noriko
-3.711280092227053, Peg
-3.711280092227053, Rebeca
-3.711280092227053, Reshma
-3.711280092227053, Rohini
-3.711280092227053, Sahar
-3.711280092227053, Sunita
-3.711280092227053, Sybil
-3.711280092227053, Tamsin
-3.711280092227053, Traci
-3.711280092227053, Tracie
-3.711280092227053, Ximena
-3.711280092227053, Yuriko
-3.6989499479796093, Robyn
-3.672166656742851, Jacqui
-3.6481958700074744, Vicky
-3.6315500684935333, Lindsey
-3.6313354787693424, Akiko
-3.6313354787693424, Cat
-3.6313354787693424, Haruka
-3.6313354787693424, Winnie
-3.6313354787693424, Yael
-3.6312282021121813, %C3%89lisabeth
-3.6312282021121813, %C3%89va
-3.6312282021121813, Amparo
-3.6312282021121813, Amrita
-3.6312282021121813, Anette
-3.6312282021121813, Ang%C3%A9lica
-3.6312282021121813, Ania
-3.6312282021121813, Anke
-3.6312282021121813, Antje
-3.6312282021121813, Antonina
-3.6312282021121813, Autumn
-3.6312282021121813, B%C3%A9atrice
-3.6312282021121813, Beata
-3.6312282021121813, Bel%C3%A9n
-3.6312282021121813, Bette
-3.6312282021121813, Brianne
-3.6312282021121813, Catarina
-3.6312282021121813, Cecile
-3.6312282021121813, Celine
-3.6312282021121813, Corinna
-3.6312282021121813, Darya
-3.6312282021121813, Dinah
-3.6312282021121813, Edita
-3.6312282021121813, Elizaveta
-3.6312282021121813, Eloise
-3.6312282021121813, Elsie
-3.6312282021121813, Evgenia
-3.6312282021121813, Fleur
-3.6312282021121813, Franziska
-3.6312282021121813, Freda
-3.6312282021121813, Giselle
-3.6312282021121813, Hailey
-3.6312282021121813, Hala
-3.6312282021121813, Hina
-3.6312282021121813, Janna
-3.6312282021121813, Jemima
-3.6312282021121813, Jolene
-3.6312282021121813, Kate%C5%99ina
-3.6312282021121813, Kristie
-3.6312282021121813, L%C3%A9a
-3.6312282021121813, Liana
-3.6312282021121813, Lilia
-3.6312282021121813, Liliane
-3.6312282021121813, Lora
-3.6312282021121813, Lyubov
-3.6312282021121813, M%C3%A1ire
-3.6312282021121813, Maddy
-3.6312282021121813, Magali
-3.6312282021121813, Mami
-3.6312282021121813, Manisha
-3.6312282021121813, Marie-Louise
-3.6312282021121813, Marnie
-3.6312282021121813, Masha
-3.6312282021121813, Maud
-3.6312282021121813, Midori
